"","nombre","disponibilidad","recarga","dncom","clave","code","st","Estado","vcas","ivcas","idas","zd"
"1","ORIENTE AGUANAVAL",-41.35342,32.3,30,"1024",1024,10,"10",43.65342,18.979747826087,-17.979747826087,1
"2","EL COYOTE",-4.73524,3.2,2.7,"325",325,3,"3",5.23524,10.47048,-9.47048,1
"3","CABO SAN LUCAS",-4.611382,2.7,2.2,"317",317,3,"3",5.111382,10.222764,-9.222764,1
"4","SANTA MARÍA DEL RÍO",-13.02277,3.7,0,"2417",2417,24,"24",16.72277,4.51966756756757,-3.51966756756757,1
"5","LA PURÍSIMA",-1.734734,9.5,9,"304",304,3,"3",2.234734,4.469468,-3.469468,1
"6","CABO PULMO",-0.68857,2.2,2,"318",318,3,"3",0.88857,4.44285,-3.44285,1
"7","SONOYTA-PUERTO PEÑASCO",-82.06336,41.4,15.9,"2603",2603,26,"26",107.56336,4.21817098039216,-3.21817098039216,1
"8","SAN JOSE DE GUAYMAS",-13.92813,4.5,0,"2636",2636,26,"26",18.42813,4.09514,-3.09514,1
"9","PASTOR ORTIZ-LA PIEDAD",-68.98574,28.7,0.1,"1605",1605,16,"16",97.58574,3.41208881118881,-2.41208881118881,1
"10","GUADALUPE DE LAS CORRIENTES",-30.93463,13,0,"3223",3223,32,"32",43.93463,3.37958692307692,-2.37958692307692,1
"11","VILLA JUÁREZ",-30.20176,13,0,"1022",1022,10,"10",43.20176,3.32321230769231,-2.32321230769231,1
"12","SAN RAFAEL",-27.95671,12.4,0,"217",217,2,"2",40.35671,3.25457338709677,-2.25457338709677,1
"13","COYOTILLO",-8.869675,4,0,"2610",2610,26,"26",12.869675,3.21741875,-2.21741875,1
"14","SALVATIERRA-ACAMBARO",-60.6134,28.4,0,"1118",1118,11,"11",89.0134,3.13427464788732,-2.13427464788732,1
"15","CAMALU",-8.115188,3.9,0,"219",219,2,"2",12.015188,3.08081743589744,-2.08081743589744,1
"16","SAN SIMÓN",-17.59819,14,5.3,"246",246,2,"2",26.29819,3.02278045977011,-2.02278045977011,1
"17","SAN TELMO",-15.87017,8.5,0,"218",218,2,"2",24.37017,2.86707882352941,-1.86707882352941,1
"18","ENSENADA",-6.807665,3.7,0,"211",211,2,"2",10.507665,2.83990945945946,-1.83990945945946,1
"19","EL BARRIL",-57.53611,31.6,0,"2402",2402,24,"24",89.13611,2.82076297468354,-1.82076297468354,1
"20","SAN MARCOS-PALO VERDE",-2.169205,1.7,0.5,"333",333,3,"3",3.369205,2.80767083333333,-1.80767083333333,1
"21","LAGUNA DE PALOMAS",-40,23.3,0,"848",848,8,"8",63.3,2.71673819742489,-1.71673819742489,1
"22","CUAUHTÉMOC",-197.0395,115.2,0,"805",805,8,"8",312.2395,2.71041232638889,-1.71041232638889,1
"23","PUERTO MADERO",-15.15106,8.9,0,"3224",3224,32,"32",24.05106,2.70236629213483,-1.70236629213483,1
"24","CIENEGA PRIETA-MOROLEON",-122.1,85,9,"1122",1122,11,"11",198.1,2.60657894736842,-1.60657894736842,1
"25","CHUPADEROS",-113.409,72.8,0,"3226",3226,32,"32",186.209,2.55781593406593,-1.55781593406593,1
"26","TOLUQUILLA",-72.31811,49.1,2.4,"1402",1402,14,"14",119.01811,2.54856766595289,-1.54856766595289,1
"27","CITRICOLA SUR",-37.16666,75.1,47.1,"1914",1914,19,"19",65.16666,2.32738071428571,-1.32738071428571,1
"28","ÁREA METROPOLITANA DE MONTERREY",-56.27104,68.2,24.5,"1906",1906,19,"19",99.97104,2.28766681922197,-1.28766681922197,1
"29","AGUANAVAL",-90.24903,85.7,9.5,"3214",3214,32,"32",166.44903,2.18437047244094,-1.18437047244094,1
"30","ZONA METROPOLITANA CD. DE MÉXICO",-591.1848,512.8,0,"901",901,9,"9",1103.9848,2.15285647425897,-1.15285647425897,1
"31","VALLE DE LEÓN",-177.6734,156.1,0,"1113",1113,11,"11",333.7734,2.13820243433696,-1.13820243433696,1
"32","VILLA DE ARISTA",-54.50692,48.2,0,"2408",2408,24,"24",102.70692,2.1308489626556,-1.1308489626556,1
"33","BAHÍA DE ZIHUATANEJO",-1.543904,3.5,2.1,"1216",1216,12,"12",2.943904,2.10278857142857,-1.10278857142857,1
"34","CIUDAD HIDALGO-TUXPAN",-20.55185,60.5,41.3,"1610",1610,16,"16",39.75185,2.07040885416667,-1.07040885416667,1
"35","SABINAS-PARAS",-29.45061,46,17.7,"1902",1902,19,"19",57.75061,2.04065759717315,-1.04065759717314,1
"36","SAN LUCAS",-0.10357,0.5,0.4,"335",335,3,"3",0.20357,2.0357,-1.0357,1
"37","COLONIA VICENTE GUERRERO",-20.12747,19.5,0,"220",220,2,"2",39.62747,2.03217794871795,-1.03217794871795,1
"38","VALLE DE QUERÉTARO",-67.01222,70,4,"2201",2201,22,"22",133.01222,2.01533666666667,-1.01533666666667,1
"39","VALLE DE BUENAVISTA",-11.05287,11,0.1,"2204",2204,22,"22",21.95287,2.0140247706422,-1.0140247706422,1
"40","CITRICOLA NORTE",-119.5099,191.9,71.9,"1912",1912,19,"19",239.5099,1.99591583333333,-0.995915833333333,1
"41","BUENAVENTURA",-65.12788,66.5,0,"804",804,8,"8",131.62788,1.97936661654135,-0.979366616541353,1
"42","CALERA",-80.57037,83.9,1.3,"3225",3225,32,"32",163.17037,1.97542820823245,-0.975428208232445,1
"43","SAN LUIS POTOSÍ",-75.31689,78.1,0,"2411",2411,24,"24",153.41689,1.96436478873239,-0.964364788732394,1
"44","JESÚS MARÍA",-15.73821,22.5,6.1,"1459",1459,14,"14",32.13821,1.95964695121951,-0.959646951219512,1
"45","SANTA AGUEDA",-0.191036,6.1,5.9,"336",336,3,"3",0.391035999999999,1.95518,-0.955180000000003,1
"46","VALLE DE LA CUEVITA",-4.753267,5.9,0.7,"1116",1116,11,"11",9.953267,1.91408980769231,-0.914089807692308,1
"47","SAN FELIPE DE JESÚS",-0.045088,69.9,69.85,"845",845,8,"8",0.0950880000000114,1.90175999999979,-0.901759999999795,1
"48","VALLE DE MEXICALI",-456.0405,520.5,2.5,"210",210,2,"2",974.0405,1.88038706563707,-0.880387065637066,1
"49","JIMÉNEZ-CAMARGO",-142.1357,173.3,5.5,"832",832,8,"8",309.9357,1.84705423122765,-0.847054231227652,1
"50","MANEADERO",-17.5773,20.8,0,"212",212,2,"2",38.3773,1.8450625,-0.8450625,1
"51","TEXCOCO",-111.7759,145.1,10.4,"1507",1507,15,"15",246.4759,1.82981365998515,-0.829813659985152,1
"52","MEOQUI-DELICIAS",-172.1941,211.2,0,"831",831,8,"8",383.3941,1.81531297348485,-0.815312973484848,1
"53","ASCENSIÓN",-107.0048,132.2,0,"801",801,8,"8",239.2048,1.80941603630862,-0.809416036308623,1
"54","CHIHUAHUA-SACRAMENTO",-45.46461,56.6,0,"830",830,8,"8",102.06461,1.80326166077739,-0.803261660777385,1
"55","FLORES MAGÓN-VILLA AHUMADA",-110.3845,137.5,0,"821",821,8,"8",247.8845,1.80279636363636,-0.802796363636364,1
"56","MESA DEL SERI-LA VICTORIA",-45.50175,73,16,"2621",2621,26,"26",102.50175,1.79827631578947,-0.798276315789474,1
"57","VALLE DE AMAZCALA",-24.68205,34,2.8,"2202",2202,22,"22",55.88205,1.79109134615385,-0.791091346153846,1
"58","ENCARNACIÓN",-49.57827,63.3,0,"1422",1422,14,"14",112.87827,1.78322701421801,-0.78322701421801,1
"59","Valle de Calvillo",-17.91719,25,2,"105",105,1,"1",40.91719,1.77900826086957,-0.779008260869565,1
"60","LOS JUNCOS",-103.6,133.6,0.1,"847",847,8,"8",237.1,1.77602996254682,-0.776029962546816,1
"61","SANTO TOMAS",-4.782432,6.6,0.2,"213",213,2,"2",11.182432,1.747255,-0.747255,1
"62","VILLA HIDALGO",-21.60045,31.9,2.1,"3230",3230,32,"32",51.40045,1.72484731543624,-0.724847315436242,1
"63","SAN QUINTIN",-13.67129,19,0,"221",221,2,"2",32.67129,1.71954157894737,-0.719541578947368,1
"64","VALLE DE SAN JUAN DEL RÍO",-133.3488,191.5,0,"2203",2203,22,"22",324.8488,1.69633838120104,-0.696338381201044,1
"65","VALLE DE JUÁREZ",-86.52818,125.9,0,"833",833,8,"8",212.42818,1.68727704527403,-0.687277045274027,1
"66","LA PAILA",-9.991624,14.7,0,"509",509,5,"5",24.691624,1.67970231292517,-0.67970231292517,1
"67","SAN BRUNO",-0.459015,1.1,0.4,"334",334,3,"3",1.159015,1.65573571428571,-0.655735714285714,1
"68","SALINAS DE HIDALGO",-10.76617,16.7,0,"2403",2403,24,"24",27.46617,1.64468083832335,-0.644680838323353,1
"69","JEREZ",-21.11022,33.4,0.3,"3205",3205,32,"32",54.21022,1.63777099697885,-0.637770996978852,1
"70","AHUALULCO",-6.831639,10.9,0,"2405",2405,24,"24",17.731639,1.62675587155963,-0.626755871559633,1
"71","CAÑON DEL DERRAMADERO",-10.52574,18,1.1,"502",502,5,"5",27.42574,1.62282485207101,-0.622824852071006,1
"72","SAN IGNACIO",-3.001242,9.2,4.3,"303",303,3,"3",7.901242,1.61249836734694,-0.612498367346939,1
"73","LA BARCA",-39.1753,67,2.8,"1408",1408,14,"14",103.3753,1.61020716510903,-0.610207165109034,1
"74","NAVIDAD-POTOSI-RAICES",-59.29559,98,0,"1916",1916,19,"19",157.29559,1.60505704081633,-0.605057040816326,1
"75","DR. MORA-SAN JOSÉ ITURBIDE",-23.18003,38.4,0,"1106",1106,11,"11",61.58003,1.60364661458333,-0.603646614583333,1
"76","PENJAMO-ABASOLO",-125.5188,225,0,"1120",1120,11,"11",350.5188,1.55786133333333,-0.557861333333333,1
"77","VILLANUEVA",-6.817541,14.2,1.9,"3211",3211,32,"32",19.117541,1.55427162601626,-0.55427162601626,1
"78","LORETO",-28.97049,52.5,0,"3229",3229,32,"32",81.47049,1.55181885714286,-0.551818857142857,1
"79","SANTA CLARA",-12.41148,59.4,35.8,"822",822,8,"8",36.01148,1.52591016949153,-0.525910169491525,1
"80","MATEHUALA-HUIZACHE",-16.3537,31.5,0,"2413",2413,24,"24",47.8537,1.51916507936508,-0.519165079365079,1
"81","VICENTE SUÁREZ",-2.478578,4.8,0,"1026",1026,10,"10",7.278578,1.51637041666667,-0.516370416666667,1
"82","Valle de Aguascalientes",-114.3146,235,10,"101",101,1,"1",339.3146,1.50806488888889,-0.508064888888889,1
"83","LAS PALMAS",-3.485635,10.5,3.5,"205",205,2,"2",10.485635,1.49794785714286,-0.497947857142857,1
"84","SILAO-ROMITA",-120.2,243.5,0,"1110",1110,11,"11",363.7,1.49363449691992,-0.493634496919918,1
"85","GUADALUPE",-12.21315,26.4,1.4,"207",207,2,"2",37.21315,1.488526,-0.488526,1
"86","VALLE DE TOLUCA",-136.7262,336.8,53.6,"1501",1501,15,"15",419.9262,1.48279025423729,-0.482790254237288,1
"87","VALLE DE CELAYA",-136.8632,286.6,0,"1115",1115,11,"11",423.4632,1.47754082344731,-0.477540823447313,1
"88","El Llano",-5.677505,15,3,"103",103,1,"1",17.677505,1.47312541666667,-0.473125416666667,1
"89","LOS PLANES",-3.889965,9.4,1,"323",323,3,"3",12.289965,1.46309107142857,-0.463091071428571,1
"90","VALLE DE ACÁMBARO",-47.2,102.5,0,"1117",1117,11,"11",149.7,1.46048780487805,-0.460487804878049,1
"91","EL SAUZ-ENCINILLAS",-27.9253,62.4,0,"807",807,8,"8",90.3253,1.44752083333333,-0.447520833333333,1
"92","OJOS NEGROS",-8.476781,19,0,"208",208,2,"2",27.476781,1.44614636842105,-0.446146368421053,1
"93","CUENCA ALTA DEL RÍO LAJA",-59.3163,139.7,0,"1108",1108,11,"11",199.0163,1.42459770937724,-0.424597709377237,1
"94","CABORCA",-89.93501,212.9,0,"2605",2605,26,"26",302.83501,1.42242841709723,-0.422428417097229,1
"95","LA BLANCA",-8.657703,20.5,0,"3228",3228,32,"32",29.157703,1.42232697560976,-0.422326975609756,1
"96","IRAPUATO-VALLE",-163.2871,522.2,132.4,"1119",1119,11,"11",553.0871,1.41889969214982,-0.41889969214982,1
"97","HUICHAPAN-TECOZAUTLA",-9.554579,56.7,33.5,"1307",1307,13,"13",32.754579,1.41183530172414,-0.411835301724138,1
"98","COSTA DE HERMOSILLO",-97.62842,250,0,"2619",2619,26,"26",347.62842,1.39051368,-0.39051368,1
"99","SAN MIGUEL DE ALLENDE",-8.528646,28.6,6.5,"1107",1107,11,"11",30.628646,1.38591158371041,-0.385911583710407,1
"100","SAMALAYUCA",-6.087802,16,0,"810",810,8,"8",22.087802,1.380487625,-0.380487625,1
"101","LA MISIÓN",-2.069632,6.5,1,"206",206,2,"2",7.569632,1.37629672727273,-0.376296727272727,1
"102","Venadero",-0.336847,1.8,0.9,"104",104,1,"1",1.236847,1.37427444444444,-0.374274444444444,1
"103","LA MURALLA",-10.87706,34.8,5,"1111",1111,11,"11",40.67706,1.36500201342282,-0.365002013422819,1
"104","VICTORIA-GÜEMEZ",-27.90135,91.1,12,"2807",2807,28,"28",107.00135,1.35273514538559,-0.352735145385588,1
"105","JANOS",-44.38366,141.9,15.7,"808",808,8,"8",170.58366,1.35169302694136,-0.351693026941363,1
"106","ARENAL",-7.05991,22.5,1.9,"1436",1436,14,"14",27.65991,1.3427140776699,-0.342714077669903,1
"107","SAN JUAN B. LONDO",-1.945272,6.7,1,"329",329,3,"3",7.645272,1.34127578947368,-0.341275789473684,1
"108","CAJITITLÁN",-15.26357,47.5,0.5,"1403",1403,14,"14",62.26357,1.32475680851064,-0.324756808510638,1
"109","LAGO DE CUITZEO",-2.2,7.1,0.3,"1121",1121,11,"11",9,1.32352941176471,-0.323529411764706,1
"110","VALLE DE TECAMACHALCO",-49.10225,157.1,0,"2101",2101,21,"21",206.20225,1.31255410566518,-0.312554105665181,1
"111","RÍO SAN PEDRO",-7.490552,41,17,"2616",2616,26,"26",31.490552,1.31210633333333,-0.312106333333333,1
"112","CEBALLOS",-15.59198,51.6,0,"1023",1023,10,"10",67.19198,1.30217015503876,-0.30217015503876,1
"113","CAMPO MINA",-7.22211,24,0,"1908",1908,19,"19",31.22211,1.30092125,-0.30092125,1
"114","Valle de Chicalote",-9.965343,35,0,"102",102,1,"1",44.965343,1.28472408571429,-0.284724085714286,1
"115","CHALCO-AMECAMECA",-21.62589,79.3,3.3,"1506",1506,15,"15",97.62589,1.28455118421053,-0.284551184210526,1
"116","ARROYO SAHUARO",-1.951045,10.9,3.3,"2604",2604,26,"26",9.551045,1.25671644736842,-0.256716447368421,1
"117","PAREDON",-5.012735,21.2,1.1,"508",508,5,"5",25.112735,1.24938980099502,-0.249389800995025,1
"118","CAÑON LA CALENTURA",-2.28485,9.9,0.6,"215",215,2,"2",11.58485,1.24568279569892,-0.245682795698925,1
"119","PRINCIPAL-REGION LAGUNERA",-123.5919,518.9,0,"523",523,5,"5",642.4919,1.23818057429177,-0.238180574291771,1
"120","SAN JOSÉ DE LAS PILAS",-2.779905,18.3,6.3,"1445",1445,14,"14",14.779905,1.23165875,-0.23165875,1
"121","MADERO-VICTORIA",-4.996121,22.5,0.8,"1005",1005,10,"10",26.696121,1.23023599078341,-0.23023599078341,1
"122","MAGDALENA",-9.186331,41.3,0,"2612",2612,26,"26",50.486331,1.2224293220339,-0.222429322033898,1
"123","BRISEÑAS-YURECUARO",-24.85074,114,2,"1609",1609,16,"16",136.85074,1.22188160714286,-0.221881607142857,1
"124","CEDRAL-MATEHUALA",-3.529229,17.5,1.3,"2407",2407,24,"24",19.729229,1.21785364197531,-0.217853641975309,1
"125","MORELIA-QUERENDARO",-34.42639,286.7,127.8,"1602",1602,16,"16",193.32639,1.21665443675267,-0.216654436752675,1
"126","OJOCALIENTE",-11.71987,56.6,1.3,"3212",3212,32,"32",67.01987,1.21193254972875,-0.211932549728752,1
"127","PALOMAS-GUADALUPE VICTORIA",-2.802073,15.6,2.3,"812",812,8,"8",16.102073,1.21068218045113,-0.210682180451128,1
"128","CUQUÍO",-2.078278,12.5,2.1,"1446",1446,14,"14",12.478278,1.19983442307692,-0.199834423076923,1
"129","LAGUNA SECA",-25.34962,128.5,0,"1104",1104,11,"11",153.84962,1.197273307393,-0.197273307392996,1
"130","TECATE",-1.938022,10.1,0,"202",202,2,"2",12.038022,1.19188336633663,-0.191883366336634,1
"131","GUADALUPE BAÑUELOS",-1.96621,10.7,0,"3227",3227,32,"32",12.66621,1.18375794392523,-0.183757943925234,1
"132","RÍO BACOACHI",-4.194134,31.7,7.6,"2627",2627,26,"26",28.294134,1.17403045643154,-0.174030456431535,1
"133","SANTIAGO-SALAGUA",-3.210087,24.7,6.1,"609",609,6,"6",21.810087,1.17258532258065,-0.172585322580645,1
"134","MONCLOVA",-16.49092,116.4,20.4,"507",507,5,"5",112.49092,1.17178041666667,-0.171780416666667,1
"135","PONCITLÁN",-5.012066,33.8,4.4,"1404",1404,14,"14",34.412066,1.17047843537415,-0.17047843537415,1
"136","JALOSTOTITLÁN",-9.936537,80.8,21.8,"1415",1415,14,"14",68.936537,1.16841588135593,-0.168415881355932,1
"137","ALTOS DE JALISCO",-10.34191,62.3,0.6,"1413",1413,14,"14",72.04191,1.16761604538088,-0.167616045380875,1
"138","ABREGO",-2.753551,20,3.2,"3215",3215,32,"32",19.553551,1.1639018452381,-0.163901845238095,1
"139","CUAUTITLAN-PACHUCA",-58.3746,356.7,0,"1508",1508,15,"15",415.0746,1.16365180824222,-0.16365180824222,1
"140","RÍO MOCORITO",-15.29026,137.9,44.3,"2503",2503,25,"25",108.89026,1.16335747863248,-0.163357478632479,1
"141","REGIÓN MANZANERA-ZAPALINAME",-8.095595,55.5,3.6,"511",511,5,"5",59.995595,1.1559844894027,-0.155984489402697,1
"142","LAGOS DE MORENO",-30.02192,196,0,"1410",1410,14,"14",226.02192,1.15317306122449,-0.15317306122449,1
"143","CUENCA RÍO PAPALOAPAN",-11.99527,129,50,"3019",3019,30,"30",90.99527,1.15183886075949,-0.151838860759494,1
"144","RÍO ZANJON",-13.11522,94.8,7.8,"2626",2626,26,"26",100.11522,1.15074965517241,-0.150749655172414,1
"145","JALIPA-TAPEIXTLES",-1.16277,10.8,3,"608",608,6,"6",8.96277,1.14907307692308,-0.149073076923077,1
"146","BAJA BABICORA",-13.38861,90.6,0,"803",803,8,"8",103.98861,1.14777715231788,-0.147777152317881,1
"147","OCOTLÁN",-10.88137,85.6,8.3,"1405",1405,14,"14",88.18137,1.1407680465718,-0.140768046571798,1
"148","LA TRINIDAD",-3.42711,24.4,0,"216",216,2,"2",27.82711,1.14045532786885,-0.140455327868852,1
"149","MEZQUITAL SECO",-0.235815,2.6,0.8,"305",305,3,"3",2.035815,1.13100833333333,-0.131008333333333,1
"150","VALLE DE TULANCINGO",-6.842563,103,49.4,"1317",1317,13,"13",60.442563,1.12765975746269,-0.127659757462687,1
"151","TOLIMAN",-0.695072,8.4,2.9,"2207",2207,22,"22",6.195072,1.12637672727273,-0.126376727272727,1
"152","CASAS GRANDES",-20.3848,180,0,"806",806,8,"8",200.3848,1.11324888888889,-0.113248888888889,1
"153","EL HUNDIDO",-2.228722,20.2,0,"506",506,5,"5",22.428722,1.11033277227723,-0.110332772277228,1
"154","TEPATITLÁN",-4.492182,41.1,0.2,"1414",1414,14,"14",45.392182,1.1098333007335,-0.109833300733496,1
"155","VALLE DE GUADALUPE",-3.245306,31.6,1.7,"1416",1416,14,"14",33.145306,1.10853866220736,-0.108538662207358,1
"156","EL CONEJO-LOS VIEJOS",-0.220295,5.8,3.7,"309",309,3,"3",2.320295,1.10490238095238,-0.104902380952381,1
"157","SAN JOSÉ DEL CABO",-2.623013,35.9,10.8,"319",319,3,"3",27.723013,1.10450250996016,-0.104502509960159,1
"158","CAMPO BUENOS AIRES",-5.80345,57,0,"1907",1907,19,"19",62.80345,1.1018149122807,-0.101814912280702,1
"159","VALLE DE GUAYMAS",-9.650342,100,0,"2635",2635,26,"26",109.650342,1.09650342,-0.09650342,2
"160","ATEMAJAC",-11.09133,147.3,25.7,"1401",1401,14,"14",132.69133,1.09121159539474,-0.0912115953947368,2
"161","LA HUERTA",-4.908195,64.5,8.1,"1430",1430,14,"14",61.308195,1.08702473404255,-0.0870247340425532,2
"162","SAHUARAL",-5.057635,58.6,0,"2620",2620,26,"26",63.657635,1.08630776450512,-0.0863077645051195,2
"163","AMECA",-21.97933,277.3,20.9,"1409",1409,14,"14",278.37933,1.08572281591264,-0.0857228159126365,2
"164","CIUDAD GUZMÁN",-20.94682,266.1,16,"1406",1406,14,"14",271.04682,1.0837537784886,-0.0837537784886045,2
"165","SALTILLO-RAMOS ARIZPE",-6.290833,86.7,2.2,"510",510,5,"5",90.790833,1.07444772781065,-0.0744477278106509,2
"166","SAN DIEGO DE ALEJANDRÍA",-2.642955,36.5,0,"1444",1444,14,"14",39.142955,1.0724097260274,-0.0724097260273973,2
"167","HIDALGO-VILLAGRAN",-2.436825,39.7,5.7,"2803",2803,28,"28",36.436825,1.07167132352941,-0.0716713235294118,2
"168","ZAMORA",-8.734019,308.5,180.2,"1608",1608,16,"16",137.034019,1.06807497272019,-0.0680749727201871,2
"169","CAÑON DEL HUAJUCO",-1.750004,26.8,0,"1911",1911,19,"19",28.550004,1.06529865671642,-0.0652986567164179,2
"170","MELITON ALBAÑEZ",-0.1355,2.5,0.4,"310",310,3,"3",2.2355,1.06452380952381,-0.0645238095238095,2
"171","VICENTE GUERRERO-POANAS",-5.36488,95.2,8.1,"1004",1004,10,"10",92.46488,1.061594489093,-0.0615944890929966,2
"172","IXTLAHUACA-ATLACOMULCO",-5.806951,119,18,"1502",1502,15,"15",106.806951,1.05749456435644,-0.0574945643564356,2
"173","BUSANI",-0.872639,15.5,0,"2609",2609,26,"26",16.372639,1.05629929032258,-0.0562992903225807,2
"174","BENITO JUÁREZ",-1.123322,20.1,0,"3210",3210,32,"32",21.223322,1.05588666666667,-0.0558866666666667,2
"175","RÍO AGUA PRIETA",-1.198753,24.1,2.5,"2629",2629,26,"26",22.798753,1.05549782407407,-0.0554978240740741,2
"176","CAMPO DURAZNO",-0.44829,8.6,0,"1909",1909,19,"19",9.04829,1.05212674418605,-0.0521267441860465,2
"177","EL MUERTO",-0.129308,2.6,0,"1411",1411,14,"14",2.729308,1.04973384615385,-0.0497338461538462,2
"178","AGUACATE",-0.760252,16.1,0,"1407",1407,14,"14",16.860252,1.04722062111801,-0.0472206211180124,2
"179","VALLE DEL GUADIANA",-5.355882,133.1,6,"1003",1003,10,"10",132.455882,1.04213911880409,-0.0421391188040913,2
"180","LA PAZ",-1.161904,27.8,0,"324",324,3,"3",28.961904,1.04179510791367,-0.0417951079136691,2
"181","VALLE DE SAN LUIS RÍO COLORADO",-7.528236,236.8,32.5,"2601",2601,26,"26",211.828236,1.03684892804699,-0.0368489280469897,2
"182","VANEGAS-CATORCE",-1.049767,29.3,0,"2401",2401,24,"24",30.349767,1.03582822525597,-0.0358282252559727,2
"183","CIHUATLÁN",-1.230369,46.8,9.4,"1433",1433,14,"14",38.630369,1.03289756684492,-0.0328975668449198,2
"184","RÍO TURBIO",-3.334583,110,0,"1114",1114,11,"11",113.334583,1.03031439090909,-0.0303143909090909,2
"185","VALLE DE JUÁREZ",-0.097148,3.6,0,"1440",1440,14,"14",3.697148,1.02698555555556,-0.0269855555555556,2
"186","VALLE DE HUIMILPAN",-0.5338,20,0,"2208",2208,22,"22",20.5338,1.02669,-0.02669,2
"187","MÁRGENES DEL RÍO PURIFICACIÓN",-2.70703,117.7,14.7,"2806",2806,28,"28",105.70703,1.02628184466019,-0.0262818446601942,2
"188","AUTLAN",-1.847591,76,0,"1417",1417,14,"14",77.847591,1.02431040789474,-0.0243104078947368,2
"189","LOS CHIRRIONES",-0.647682,30,2,"2606",2606,26,"26",28.647682,1.0231315,-0.0231315,2
"190","LOS MOSCOS",-0.760738,37.7,0,"828",828,8,"8",38.460738,1.02017872679045,-0.0201787267904509,2
"191","VALLE DE SANTIAGUILLO",-0.751826,50.7,8,"1001",1001,10,"10",43.451826,1.01760716627635,-0.0176071662763466,2
"192","VALLE DE CANATLÁN",-0.646504,47.1,6.5,"1002",1002,10,"10",41.246504,1.01592374384236,-0.0159237438423645,2
"193","SANDIA-LA UNIÓN",-0.325363,25.8,0,"1917",1917,19,"19",26.125363,1.01261096899225,-0.0126109689922481,2
"194","OSTULA",-0.0453,7.4,2.9,"1619",1619,16,"16",4.5453,1.01006666666667,-0.0100666666666667,2
"195","EL CARMEN-SALINAS-VICTORIA",-0.454171,53.8,6.2,"1924",1924,19,"19",48.054171,1.00954140756303,-0.00954140756302521,2
"196","RÍO CAÑAS",-0.133834,90.5,75.5,"2513",2513,25,"25",15.133834,1.00892226666667,-0.00892226666666667,2
"197","VIZCAINO",-0.298443,41.2,3.5,"302",302,3,"3",37.998443,1.00791625994695,-0.0079162599469496,2
"198","COLOMOS",-0.131531,56.5,38.6,"1438",1438,14,"14",18.031531,1.00734810055866,-0.00734810055865922,2
"199","ACATITA",-0.019593,5.6,0.2,"524",524,5,"5",5.419593,1.00362833333333,-0.00362833333333333,2
"200","LAGUNA SALADA",-0.036221,16.3,1.4,"209",209,2,"2",14.936221,1.00243093959732,-0.00243093959731544,2
"201","LIBRES-ORIENTAL",-0.351629,179.3,20,"2102",2102,21,"21",159.651629,1.0022073383553,-0.00220733835530446,2
"202","VALLE DEL YAQUI",-0.240075,564.1,50,"2640",2640,26,"26",514.340075,1.00046698113208,-0.000466981132075472,2
"203","JARAL DE BERRIOS-VILLA DE REYES",-0.002803,132.1,1.3,"2412",2412,24,"24",130.802803,1.00002142966361,-2.14296636085627e-05,2
"204","NAZAS",0,113.6,65.9,"1025",1025,10,"10",47.7,1,0,2
"205","TEPALCINGO-AXOCHIAPAN",0,47.4,9.5,"1704",1704,17,"17",37.9,1,0,2
"206","RÍO BACANUCHI",0.032151,19,6.1,"2628",2628,26,"26",12.867849,0.997507674418605,0.00249232558139535,2
"207","LA POZA",0.160682,33.8,10,"2622",2622,26,"26",23.639318,0.993248655462185,0.00675134453781513,2
"208","TENANCINGO",0.156988,128.3,113,"1504",1504,15,"15",15.143012,0.989739346405229,0.0102606535947712,2
"209","SANTO DOMINGO",1.839868,188,10.4,"306",306,3,"3",175.760132,0.989640382882883,0.0103596171171171,2
"210","ARROYO SECO",0.394819,32.4,0,"2607",2607,26,"26",32.005181,0.987814228395062,0.0121857716049383,2
"211","VICTORIA-CASAS",0.412925,31.3,2.5,"2808",2808,28,"28",28.387075,0.985662326388889,0.0143376736111111,2
"212","SAN ISIDRO",0.817436,64.2,19.6,"1450",1450,14,"14",43.782564,0.981671838565022,0.0183281614349776,2
"213","EL SABINAL",0.7,37.5,0,"825",825,8,"8",36.8,0.981333333333333,0.0186666666666667,2
"214","SAN VICENTE",0.535248,28,1.4,"214",214,2,"2",26.064752,0.979877894736842,0.0201221052631579,2
"215","LAGUNA DE PATOS",0.235544,11,0,"817",817,8,"8",10.764456,0.978586909090909,0.0214130909090909,2
"216","ORIZABA-CÓRDOBA",0.880545,109.5,68.5,"3007",3007,30,"30",40.119455,0.978523292682927,0.0214767073170732,2
"217","PLUTARCO ELIAS CALLES",0.02296,2.8,1.8,"315",315,3,"3",0.97704,0.97704,0.02296,2
"218","EL PALMAR",1.424401,69.1,10.1,"3217",3217,32,"32",57.575599,0.975857610169491,0.0241423898305085,2
"219","ARIVAIPA",0.37483,15.2,0.2,"2618",2618,26,"26",14.62517,0.975011333333333,0.0249886666666667,2
"220","COCORAQUE",4.480444,198.2,20,"2641",2641,26,"26",173.719556,0.97485721661055,0.0251427833894501,2
"221","MIGRIÑO",0.008,0.9,0.6,"316",316,3,"3",0.292,0.973333333333333,0.0266666666666667,2
"222","RÍO ALTAR",0.592901,21,0,"2608",2608,26,"26",20.407099,0.971766619047619,0.028233380952381,2
"223","BOCOYNA",0.10766,236.7,233,"843",843,8,"8",3.59233999999999,0.970902702702703,0.0290972972972974,2
"224","LA TINAJA",0.805466,26.1,0,"2611",2611,26,"26",25.294534,0.969139233716475,0.0308607662835249,2
"225","COLIMA",2.722543,80,5,"601",601,6,"6",72.277457,0.963699426666667,0.0363005733333333,2
"226","PEROTE-ZALAYETA",1.559165,50.2,10.8,"3004",3004,30,"30",37.840835,0.960427284263959,0.0395727157360406,2
"227","LA PIEDAD",2.821938,68.6,0.1,"1623",1623,16,"16",65.678062,0.958803824817518,0.0411961751824817,2
"228","CIENEGA DE CHAPALA",4.142086,126,27.8,"1607",1607,16,"16",94.057914,0.957819898167006,0.0421801018329939,2
"229","POLOTITLÁN",0.53163,46.2,34.1,"1503",1503,15,"15",11.56837,0.956063636363636,0.0439363636363636,2
"230","EL PESCADERO",0.147814,8.2,5.1,"314",314,3,"3",2.952186,0.952318064516129,0.047681935483871,2
"231","SANTIAGO",0.988397,24.5,4.6,"320",320,3,"3",18.911603,0.950331809045226,0.0496681909547739,2
"232","VALLE DEL MAYO",16.79826,370,78.1,"2642",2642,26,"26",275.10174,0.942452004110997,0.0575479958890031,2
"233","ARMERIA-TECOMAN-PERIQUILLOS",13.44037,230,20,"603",603,6,"6",196.55963,0.935998238095238,0.0640017619047619,2
"234","VALLE DE TEQUISQUIAPAN",7.277675,108.1,2.6,"2205",2205,22,"22",98.222325,0.931017298578199,0.0689827014218009,2
"235","RÍO CULIACÁN",17.04521,416.9,173.4,"2504",2504,25,"25",226.45479,0.929999137577002,0.070000862422998,2
"236","CUAUTLA-YAUTEPEC",6.512124,348.6,256,"1702",1702,17,"17",86.087876,0.929674686825054,0.070325313174946,2
"237","TIZAPAN",0.985555,25.8,12,"1429",1429,14,"14",12.814445,0.928582971014493,0.0714170289855072,2
"238","VALLE ACAPONETA-CAÑAS",1.428823,30,10,"1801",1801,18,"18",18.571177,0.92855885,0.07144115,2
"239","JALPA-JUCHIPILA",4.563423,72.9,9.9,"3209",3209,32,"32",58.436577,0.927564714285714,0.0724352857142857,2
"240","CAMPO PAPAGAYOS",0.19548,2.5,0,"1920",1920,19,"19",2.30452,0.921808,0.078192,2
"241","GENERAL CEPEDA-SAUCEDA",6.544457,113.4,30.5,"505",505,5,"5",76.355543,0.921056007237636,0.0789439927623643,2
"242","LA HUACANA",0.737074,38,28.8,"1615",1615,16,"16",8.462926,0.919883260869565,0.0801167391304348,2
"243","LAGUNA DE MEXICANOS",2.85527,35.1,0,"809",809,8,"8",32.24473,0.918653276353276,0.0813467236467236,2
"244","RÍO SONORA",5.468428,66.7,0,"2624",2624,26,"26",61.231572,0.918014572713643,0.0819854272863568,2
"245","COTIJA",3.532062,134.8,92.7,"1622",1622,16,"16",38.567938,0.916103040380048,0.0838969596199525,2
"246","ALFREDO V. BONFIL",0.202906,2.4,0,"326",326,3,"3",2.197094,0.915455833333333,0.0845441666666667,2
"247","UNIÓN DE TULA",1.610799,103.3,84.3,"1418",1418,14,"14",17.389201,0.915221105263158,0.0847788947368421,2
"248","LAGUNA EL DIABLO",0.017635,0.8,0.6,"815",815,8,"8",0.182365,0.911825,0.088175,2
"249","SABINAS",1.037158,13.7,2.5,"3201",3201,32,"32",10.162842,0.907396607142857,0.0926033928571429,2
"250","PUERTO LIBERTAD",0.674916,8.2,1.3,"2617",2617,26,"26",6.225084,0.902186086956522,0.0978139130434783,2
"251","SANTA ROSALÍA",1.165497,11.8,0,"2623",2623,26,"26",10.634503,0.90122906779661,0.0987709322033898,2
"252","REAL DEL CASTILLO",1.106698,11.7,0.6,"248",248,2,"2",9.993302,0.900297477477477,0.0997025225225225,2
"253","COSTERA DE VERACRUZ",19.19542,293.5,102.5,"3006",3006,30,"30",171.80458,0.899500418848167,0.100499581151832,3
"254","LAGUNAS",18.56846,178.7,3,"1449",1449,14,"14",157.13154,0.894317245304496,0.105682754695504,3
"255","CUERNAVACA",23.88467,344.2,125.1,"1701",1701,17,"17",195.21533,0.890987357371063,0.109012642628937,3
"256","VALLES CENTRALES",14.97595,153.6,18.4,"2025",2025,20,"20",120.22405,0.889231139053254,0.110768860946746,3
"257","SAIN ALTO",1.514318,17.2,3.9,"3216",3216,32,"32",11.785682,0.886141503759398,0.113858496240602,3
"258","ESPÍRITU SANTO",1.029441,9,0,"3232",3232,32,"32",7.970559,0.885617666666667,0.114382333333333,3
"259","JIQUILPAN",0.75415,6.3,0,"1420",1420,14,"14",5.54585,0.880293650793651,0.119706349206349,3
"260","LA UNIÓN",2.310889,65.6,46.6,"1213",1213,12,"12",16.689111,0.878374263157895,0.121625736842105,3
"261","CUAUTITLÁN",1.228662,26.2,16.1,"1431",1431,14,"14",8.871338,0.878350297029703,0.121649702970297,3
"262","HUEJOTITLÁN",1.170435,9.6,0,"1451",1451,14,"14",8.429565,0.8780796875,0.1219203125,3
"263","LA MATANZA",0.31462,5.1,2.6,"311",311,3,"3",2.18538,0.874152,0.125848,3
"264","PUERTO VALLARTA",8.933012,86.5,17,"1427",1427,14,"14",60.566988,0.87146745323741,0.12853254676259,3
"265","PARRAL-VALLE DEL VERANO",3.512095,26.7,0,"834",834,8,"8",23.187905,0.868460861423221,0.131539138576779,3
"266","TEPEJI DEL RÍO",1.463626,46.3,35.2,"1316",1316,13,"13",9.63637399999999,0.868141801801802,0.131858198198198,3
"267","SANTA RITA",0.158749,3.2,2,"307",307,3,"3",1.041251,0.867709166666667,0.132290833333333,3
"268","VALLE DE AMEALCO",2.911183,22.5,0.8,"2209",2209,22,"22",18.788817,0.865844101382488,0.134155898617512,3
"269","MINATITLAN",1.148639,10.1,1.7,"613",613,6,"6",7.251361,0.863257261904762,0.136742738095238,3
"270","COLOTLÁN",1.386527,10.1,0,"1457",1457,14,"14",8.713473,0.862720099009901,0.137279900990099,3
"271","CHAPALA",6.061331,65.6,23.2,"1428",1428,14,"14",36.338669,0.857044080188679,0.142955919811321,3
"272","CUITACA",0.963632,7.3,0.7,"2660",2660,26,"26",5.636368,0.853995151515151,0.146004848484848,3
"273","EL ROSARIO",0.901861,6.3,0.2,"224",224,2,"2",5.198139,0.852153934426229,0.147846065573771,3
"274","LAGUNILLAS PATZCUARO",1.864006,41.3,28.7,"1604",1604,16,"16",10.735994,0.852063015873016,0.147936984126984,3
"275","VALLE DE PUEBLA",44.64727,360.7,61.2,"2104",2104,21,"21",254.85273,0.850927312186978,0.149072687813022,3
"276","LAMPAZOS-VILLALDAMA",1.889323,20.5,8,"1901",1901,19,"19",10.610677,0.84885416,0.15114584,3
"277","EL CARRIZAL",2.222419,14.2,0,"322",322,3,"3",11.977581,0.84349161971831,0.15650838028169,3
"278","TODOS SANTOS",0.58196,18.4,14.7,"313",313,3,"3",3.11804,0.842713513513513,0.157286486486487,3
"279","RÍO SINALOA",48.80209,448.6,141.3,"2502",2502,25,"25",258.49791,0.841190725675236,0.158809274324764,3
"280","RÍO BAVISPE",4.65827,29.7,0.5,"2631",2631,26,"26",24.54173,0.840470205479452,0.159529794520548,3
"281","RÍO SANTA CRUZ",5.822215,38.1,2,"2615",2615,26,"26",30.277785,0.838719806094183,0.161280193905817,3
"282","GUERRERO-YEPOMERA",23.82097,146,0,"860",860,8,"8",122.17903,0.836842671232877,0.163157328767123,3
"283","COTAXTLA",30.7717,356.6,170.6,"3008",3008,30,"30",155.2283,0.834560752688172,0.165439247311828,3
"284","CAMPO TOPO CHICO",0.586346,3.5,0,"1910",1910,19,"19",2.913654,0.832472571428571,0.167527428571429,3
"285","TABALAOPA-ALDAMA",12.36674,76.5,4.3,"835",835,8,"8",59.83326,0.828715512465374,0.171284487534626,3
"286","MULEGE",1.16938,10.1,3.3,"332",332,3,"3",5.63062,0.828032352941176,0.171967647058824,3
"287","MARABASCO",3.352047,28.6,9.6,"612",612,6,"6",15.647953,0.82357647368421,0.176423526315789,3
"288","COAHUAYANA",5.189875,70.1,40.7,"1621",1621,16,"16",24.210125,0.823473639455782,0.176526360544218,3
"289","RÍO PRESIDIO",17.61152,163.3,65.8,"2509",2509,25,"25",79.88848,0.819369025641026,0.180630974358974,3
"290","OMEALCA-HUIXCOLOTLA",11.03592,75.6,15.5,"3009",3009,30,"30",49.06408,0.816374043261231,0.183625956738769,3
"291","TOMATLÁN",4.177527,51.2,28.8,"1424",1424,14,"14",18.222473,0.813503258928571,0.186496741071429,3
"292","OSTUTA",2.9606,87.1,71.4,"2008",2008,20,"20",12.7394,0.811426751592357,0.188573248407643,3
"293","ROSARITO",1.078295,6.2,0.5,"245",245,2,"2",4.621705,0.810825438596491,0.189174561403509,3
"294","VALLE CHICO-SAN PEDRO MARTIR",2.656962,13.8,0,"223",223,2,"2",11.143038,0.80746652173913,0.19253347826087,3
"295","AMATITÁN",1.929806,10.7,1,"1435",1435,14,"14",7.770194,0.801050927835051,0.198949072164948,3
"296","CUATROCIENEGAS-OCAMPO",10.29286,57.9,6.4,"504",504,5,"5",41.20714,0.800138640776699,0.199861359223301,3
"297","PUNTA DE MITA",0.883779,4.3,0,"1808",1808,18,"18",3.416221,0.79447,0.20553,3
"298","ALZADA-TEPAMES",3.111141,24.4,9.3,"615",615,6,"6",11.988859,0.79396417218543,0.20603582781457,3
"299","LAZARO CARDENAS",3.868211,38.2,19.5,"1617",1617,16,"16",14.831789,0.793143796791444,0.206856203208556,3
"300","VENUSTIANO CARRANZA",4.192204,37,17,"605",605,6,"6",15.807796,0.7903898,0.2096102,3
"301","SOTO LA MARINA",2.28489,84,73.1,"1915",1915,19,"19",8.61511,0.790377064220184,0.209622935779816,3
"302","REGIÓN CARBONÍFERA",9.446036,84.1,39.1,"512",512,5,"5",35.553964,0.790088088888889,0.209911911111111,3
"303","VALLE DE SANTA MARÍA DEL ORO",2.130872,18.8,8.7,"1812",1812,18,"18",7.969128,0.789022574257426,0.210977425742574,3
"304","LOS VIDRIOS",1.005854,6.7,2,"2602",2602,26,"26",3.694146,0.785988510638298,0.214011489361702,3
"305","SIERRA DE SAN ANDRES TUXTLA",3.280105,68.4,53.2,"3016",3016,30,"30",11.919895,0.784203618421053,0.215796381578947,3
"306","VALLE DE TEHUACÁN",35.62225,246.9,81.9,"2105",2105,21,"21",129.37775,0.784107575757576,0.215892424242424,3
"307","CEDROS",10.21052,54.5,7.6,"3218",3218,32,"32",36.68948,0.782291684434968,0.217708315565032,3
"308","VALLE DE MATATIPAC",21.17586,123.9,27,"1804",1804,18,"18",75.72414,0.781466873065015,0.218533126934985,3
"309","ZACATEPEC",15.3726,85.3,17,"1703",1703,17,"17",52.9274,0.77492532942899,0.22507467057101,3
"310","YAHUALICA",3.940715,26,9,"1447",1447,14,"14",13.059285,0.768193235294118,0.231806764705882,3
"311","PINOTEPA NACIONAL",8.741224,37,0,"2018",2018,20,"20",28.258776,0.763750702702703,0.236249297297297,3
"312","TUXTEPEC",36.11762,220.1,71.7,"2010",2010,20,"20",112.28238,0.756619811320755,0.243380188679245,3
"313","HUAMANTLA",19.13523,98.3,20.5,"2903",2903,29,"29",58.66477,0.75404588688946,0.24595411311054,3
"314","SANTIAGO ASTATA",1.87148,7.6,0,"2020",2020,20,"20",5.72852,0.753752631578947,0.246247368421053,3
"315","PETATLAN",4.571045,57.6,39.1,"1219",1219,12,"12",13.928955,0.752916486486486,0.247083513513514,3
"316","NOGALES",0.370654,5.2,3.7,"2650",2650,26,"26",1.129346,0.752897333333333,0.247102666666667,3
"317","PRIMO VERDAD",4.396569,24.7,7,"1423",1423,14,"14",13.303431,0.751606271186441,0.248393728813559,3
"318","IXTAPA",4.237759,24.2,7.2,"1215",1215,12,"12",12.762241,0.750720058823529,0.249279941176471,3
"319","MARAVATIO-CONTEPEC-E. HUERTA",21.78262,182.2,95.3,"1601",1601,16,"16",65.11738,0.749336939010357,0.250663060989643,3
"320","VALPARAISO",6.189622,26,1.4,"3204",3204,32,"32",18.410378,0.748389349593496,0.251610650406504,3
"321","SAN LUIS",3.500674,37.5,24.1,"1221",1221,12,"12",9.899326,0.738755671641791,0.261244328358209,3
"322","SANTA MARÍA",0.820777,21.4,18.3,"1426",1426,14,"14",2.279223,0.735233225806451,0.264766774193549,3
"323","VALLE DEL MEZQUITAL",60.49713,515,293,"1310",1310,13,"13",161.50287,0.727490405405405,0.272509594594595,3
"324","VILLA DE JESÚS MARÍA",0.599761,2.3,0.1,"227",227,2,"2",1.600239,0.727381363636364,0.272618636363636,3
"325","ALTO ATOYAC",46.88258,212.4,41,"2901",2901,29,"29",124.51742,0.726472695449242,0.273527304550758,3
"326","SAN FELIPE-PUNTA ESTRELLA",2.136515,8,0.3,"222",222,2,"2",5.563485,0.722530519480519,0.277469480519481,3
"327","RÍO SAN MIGUEL",18.45779,68.7,2.2,"2625",2625,26,"26",48.04221,0.722439248120301,0.277560751879699,3
"328","SOCONUSCO",90.36417,938.1,614.9,"710",710,7,"7",232.83583,0.720407889851485,0.279592110148515,3
"329","SAN MARTÍN DE BOLAÑOS",2.077726,137.4,130,"1456",1456,14,"14",5.32227400000001,0.719226216216216,0.280773783783784,3
"330","RÍO MOCTEZUMA",8.750397,31,0,"2633",2633,26,"26",22.249603,0.717729129032258,0.282270870967742,3
"331","EL SOCORRO",0.481033,1.9,0.2,"247",247,2,"2",1.218967,0.717039411764706,0.282960588235294,3
"332","VALLE DE CADEREYTA",1.176112,4.1,0,"2206",2206,22,"22",2.923888,0.713143414634146,0.286856585365854,3
"333","CERRITOS-VILLA JUÁREZ",6.424603,72.7,50.4,"2414",2414,24,"24",15.875397,0.711901210762332,0.288098789237668,3
"334","SALTILLO SUR",3.779732,13.1,0,"521",521,5,"5",9.320268,0.711470839694656,0.288529160305344,3
"335","EL COLOMO",7.26139,43,18,"607",607,6,"6",17.73861,0.7095444,0.2904556,3
"336","ATLIXCO-IZUCAR DE MATAMOROS",47.14134,244.3,83.9,"2103",2103,21,"21",113.25866,0.706101371571072,0.293898628428928,3
"337","RÍO SAN LORENZO",43.25285,335,188,"2505",2505,25,"25",103.74715,0.705762925170068,0.294237074829932,3
"338","RÍO ALISOS",4.490587,16.4,1.2,"2613",2613,26,"26",10.709413,0.704566644736842,0.295433355263158,3
"339","PUNTA CANOAS-SAN JOSÉ",0.20946,0.7,0,"232",232,2,"2",0.49054,0.700771428571429,0.299228571428571,3
"340","VILLA VICTORIA-VALLE DE BRAVO",1.018459,334.9,331.5,"1505",1505,15,"15",2.38154099999998,0.700453235294116,0.299546764705884,3
"341","PINOS",5.403395,18,0,"3231",3231,32,"32",12.596605,0.699811388888889,0.300188611111111,3
"342","LAS VÍRGENES",1.437076,4.7,0,"338",338,3,"3",3.262924,0.69423914893617,0.30576085106383,3
"343","VISTA DEL MAR",0.798792,6.8,4.2,"1425",1425,14,"14",1.801208,0.692772307692308,0.307227692307692,3
"344","CARICHI-NONOAVA",0.895576,250,247.1,"846",846,8,"8",2.00442400000001,0.691180689655173,0.308819310344827,3
"345","APATZINGAN",126.2346,494.4,94.6,"1620",1620,16,"16",273.5654,0.684255627813907,0.315744372186093,3
"346","RÍO MATAPE",5.120814,16.2,0,"2634",2634,26,"26",11.079186,0.68390037037037,0.31609962962963,3
"347","OJUELOS",2.971612,9.4,0,"1448",1448,14,"14",6.428388,0.683871063829787,0.316128936170213,3
"348","BUENAVISTA",8.567413,27.1,0,"2410",2410,24,"24",18.532587,0.683859298892989,0.316140701107011,3
"349","ALDAMA-SAN DIEGO",19.42688,62.5,1.5,"836",836,8,"8",41.57312,0.681526557377049,0.318473442622951,3
"350","CAÑADA HONDA",0.321813,2.8,1.8,"312",312,3,"3",0.678187,0.678187,0.321813,3
"351","LLERA-XICOTENCATL",17.06408,81,28.6,"2811",2811,28,"28",35.33592,0.674349618320611,0.325650381679389,3
"352","AMAJAC",1.373121,166,161.8,"1321",1321,13,"13",2.82687899999999,0.673066428571428,0.326933571428572,3
"353","ALLENDE-PIEDRAS NEGRAS",73.72781,496.6,274.4,"501",501,5,"5",148.47219,0.668191674167417,0.331808325832583,3
"354","LAS POCITAS-SAN HILARIO",1.242012,4,0.3,"308",308,3,"3",2.457988,0.664321081081081,0.335678918918919,3
"355","GUADALUPE GARZARON",6.590864,19.6,0,"3220",3220,32,"32",13.009136,0.663731428571429,0.336268571428571,3
"356","TEQUILA",6.549691,23.9,4.6,"1437",1437,14,"14",12.750309,0.660637772020725,0.339362227979275,3
"357","LAGUNA DE HORMIGAS",8.736943,25.5,0,"824",824,8,"8",16.763057,0.657374784313726,0.342625215686275,3
"358","LOS PUENTES",2.023843,19.5,13.6,"1453",1453,14,"14",3.876157,0.656975762711864,0.343024237288136,3
"359","TEHUANTEPEC",21.20237,103.3,43,"2007",2007,20,"20",39.09763,0.648385240464345,0.351614759535655,3
"360","SANTO DOMINGO",7.588857,21.4,0,"2404",2404,24,"24",13.811143,0.645380514018692,0.354619485981308,3
"361","APAN",10.92796,30.3,0,"1320",1320,13,"13",19.37204,0.639341254125412,0.360658745874587,3
"362","HUETAMO",8.055765,219.8,197.6,"1612",1612,16,"16",14.144235,0.637127702702703,0.362872297297297,3
"363","ESCALÓN",2.797891,15.7,8,"857",857,8,"8",4.902109,0.636637532467532,0.363362467532468,3
"364","TAPALPA",4.032837,12.5,1.7,"1421",1421,14,"14",6.767163,0.626589166666667,0.373410833333333,3
"365","VALLE IXTLÁN-AHUACATLÁN",9.649794,68.8,43.1,"1809",1809,18,"18",16.050206,0.624521634241245,0.375478365758755,3
"366","EL DESCANSO",0.863732,2.7,0.4,"203",203,2,"2",1.436268,0.624464347826087,0.375535652173913,3
"367","EL CARDITO",4.557113,12.1,0,"3222",3222,32,"32",7.542887,0.623379090909091,0.376620909090909,3
"368","ALTO RÍO SAN PEDRO",10.51316,56.3,29.1,"838",838,8,"8",16.68684,0.613486764705882,0.386513235294118,3
"369","JOSEFA ORTIZ DE DOMÍNGUEZ",1.93075,4.9,0,"829",829,8,"8",2.96925,0.605969387755102,0.394030612244898,3
"370","IGUALA",8.075731,20,0,"1205",1205,12,"12",11.924269,0.59621345,0.40378655,3
"371","LAGUNA LA VIEJA",24.84729,61.5,0,"819",819,8,"8",36.65271,0.595979024390244,0.404020975609756,3
"372","TAMAZULAPAN",3.227076,16,8.1,"2015",2015,20,"20",4.672924,0.591509367088608,0.408490632911392,3
"373","BAHÍA DE ACAPULCO",0.412235,3.3,2.3,"1226",1226,12,"12",0.587765,0.587765,0.412235,3
"374","JAMILTEPEC",10.86744,61.3,35,"2004",2004,20,"20",15.43256,0.586789353612167,0.413210646387833,3
"375","LOS NARANJOS",227.4311,1101.5,561.9,"3010",3010,30,"30",312.1689,0.578519088213492,0.421480911786508,3
"376","ALTA BABICORA",17.29039,46.2,5.2,"802",802,8,"8",23.70961,0.578283170731707,0.421716829268293,3
"377","COYUCA",5.547428,23,9.9,"1224",1224,12,"12",7.552572,0.576532213740458,0.423467786259542,3
"378","ZIMAPÁN",1.863519,7.6,3.2,"1301",1301,13,"13",2.536481,0.576472954545454,0.423527045454546,3
"379","SAN PEDRO-TUXPAN",15.30416,167.6,131.5,"1802",1802,18,"18",20.79584,0.576062049861496,0.423937950138504,3
"380","RÍO FUERTE",128.9816,372.3,72.8,"2501",2501,25,"25",170.5184,0.569343572621035,0.430656427378965,3
"381","ZACUALPAN-LAS VARAS",15.40863,74.2,38.5,"1806",1806,18,"18",20.29137,0.568385714285714,0.431614285714286,3
"382","HUAJUAPAN DE LEÓN",4.907517,16.7,5.5,"2014",2014,20,"20",6.292483,0.561828839285714,0.438171160714286,3
"383","CASTAÑOS",6.072866,18.9,5.1,"519",519,5,"5",7.727134,0.559937246376812,0.440062753623188,3
"384","LOS MEDANOS",0.75317,1.8,0.1,"204",204,2,"2",0.94683,0.556958823529412,0.443041176470588,3
"385","COCOSPERA",5.236985,15,3.2,"2614",2614,26,"26",6.563015,0.556187711864407,0.443812288135593,3
"386","MIXTLÁN",5.859191,150.9,137.7,"1458",1458,14,"14",7.34080900000002,0.556121893939394,0.443878106060606,3
"387","HIDALGO",1.68749,3.8,0,"514",514,5,"5",2.11251,0.555923684210526,0.444076315789474,3
"388","VALLE DE BANDERAS",31.02664,86.5,17,"1807",1807,18,"18",38.47336,0.553573525179856,0.446426474820144,3
"389","RÍO FRONTERA",19.48492,46.4,3.2,"2632",2632,26,"26",23.71508,0.548960185185185,0.451039814814815,3
"390","XICHU-ATARJEA",3.975445,40.3,31.5,"1101",1101,11,"11",4.824555,0.548244886363636,0.451755113636364,3
"391","OCAMPO-ANTIGUO MORELOS",14.13976,40,8.9,"2812",2812,28,"28",16.96024,0.545345337620579,0.454654662379421,3
"392","HUATULCO",6.275613,27.9,14.1,"2011",2011,20,"20",7.524387,0.545245434782609,0.454754565217391,3
"393","TIJUANA",12.13844,26.6,0,"201",201,2,"2",14.46156,0.543667669172932,0.456332330827068,3
"394","VALLE AMATLÁN DE CAÑAS",5.198489,22.9,11.6,"1810",1810,18,"18",6.101511,0.539956725663717,0.460043274336283,3
"395","TECPAN",10.32331,40,17.6,"1222",1222,12,"12",12.07669,0.539137946428571,0.460862053571429,3
"396","VILLA GARCÍA",6.173682,15.5,2.2,"3213",3213,32,"32",7.126318,0.535813383458647,0.464186616541353,3
"397","PENÍNSULA DE YUCATÁN",3388.865,21813.4,14542.2,"3105",3105,31,"31",3882.335,0.533933188469579,0.466066811530421,3
"398","SANTA ROSALÍA",0.046636,0.9,0.8,"337",337,3,"3",0.053364,0.53364,0.46636,3
"399","SAN JERONIMITO",10.26939,23,1,"1218",1218,12,"12",11.73061,0.533209545454545,0.466790454545455,3
"400","EL CHINERO",1.826304,4.1,0.2,"237",237,2,"2",2.073696,0.531716923076923,0.468283076923077,3
"401","CAMPO CERRITOS",1.414394,3,0,"1919",1919,19,"19",1.585606,0.528535333333333,0.471464666666667,3
"402","RÍO VERDE",78.84261,415.8,251.4,"2415",2415,24,"24",85.55739,0.520422080291971,0.479577919708029,3
"403","CHILAPA",8.409068,26.1,8.6,"1206",1206,12,"12",9.090932,0.519481828571429,0.480518171428571,3
"404","VALLE SANTIAGO-SAN BLAS",30.33478,572.9,510.4,"1803",1803,18,"18",32.16522,0.51464352,0.48535648,3
"405","LA SABANA",35.16419,92,21.2,"1227",1227,12,"12",35.63581,0.503330649717514,0.496669350282486,3
"406","RÍO VERDE EJUTLA",5.521635,12,1,"2009",2009,20,"20",5.478365,0.498033181818182,0.501966818181818,3
"407","MÉNDEZ -SAN FERNANDO",18.3098,50.1,14.2,"2802",2802,28,"28",17.5902,0.489977715877437,0.510022284122563,3
"408","PEDRICEÑA-VELARDEÑA",5.588248,10.9,0,"1021",1021,10,"10",5.311752,0.487316697247706,0.512683302752294,3
"409","PEÑON BLANCO",6.036567,27.5,15.8,"1018",1018,10,"10",5.663433,0.484054102564103,0.515945897435897,3
"410","PANTLA",2.947965,12.2,6.5,"1214",1214,12,"12",2.752035,0.482813157894737,0.517186842105263,3
"411","VALLE DE COMPOSTELA",15.99369,33.9,3.4,"1805",1805,18,"18",14.50631,0.475616721311475,0.524383278688525,3
"412","HIDALGO",3.903328,7.4,0,"3202",3202,32,"32",3.496672,0.472523243243243,0.527476756756757,3
"413","EL CUARENTA",1.916875,3.6,0,"827",827,8,"8",1.683125,0.467534722222222,0.532465277777778,3
"414","BAHÍA DE LOS ÁNGELES",0.591735,1.1,0,"226",226,2,"2",0.508265,0.462059090909091,0.537940909090909,3
"415","COACOYUL",5.600297,20.2,9.8,"1217",1217,12,"12",4.799703,0.461509903846154,0.538490096153846,3
"416","LA CENTRAL-PEÑA BLANCA",4.068483,9.5,2,"610",610,6,"6",3.431517,0.4575356,0.5424644,3
"417","ZACAPU",35.04211,189.5,125.4,"1606",1606,16,"16",29.05789,0.453321216848674,0.546678783151326,3
"418","VALLE DE ACTOPAN",45.40091,400.4,318.3,"3005",3005,30,"30",36.69909,0.447004750304506,0.552995249695494,3
"419","RÍO PIAXTLA",27.2713,51.3,2,"2507",2507,25,"25",22.0287,0.446829614604462,0.553170385395538,3
"420","LAS DELICIAS",3.330731,6.2,0.2,"525",525,5,"5",2.669269,0.444878166666667,0.555121833333333,3
"421","EMILIANO ZAPATA",0.61316,6,4.9,"2904",2904,29,"29",0.48684,0.442581818181818,0.557418181818182,3
"422","VALLE DE IXTLAHUACAN",7.721555,15.4,1.8,"614",614,6,"6",5.878445,0.432238602941176,0.567761397058824,3
"423","FUERTE-MAYO",9.443235,18.6,2,"2644",2644,26,"26",7.156765,0.431130421686747,0.568869578313253,3
"424","NOCHISTLÁN",8.192609,23.2,8.8,"3208",3208,32,"32",6.207391,0.431068819444444,0.568931180555556,3
"425","RÍO BALUARTE",34.11908,79.6,20.7,"2510",2510,25,"25",24.78092,0.420728692699491,0.579271307300509,3
"426","LA RUMOROSA-TECATE",0.987974,1.7,0,"236",236,2,"2",0.712026,0.418838823529412,0.581161176470588,3
"427","MIGUEL HIDALGO",21.83381,46.1,8.7,"1432",1432,14,"14",15.56619,0.416208288770054,0.583791711229946,3
"428","LAGUNA EL REY",0.584,1,0,"856",856,8,"8",0.416,0.416,0.584,3
"429","TECOLOTLÁN",10.12954,20.8,3.5,"1419",1419,14,"14",7.17046,0.414477456647399,0.585522543352601,3
"430","URUAPAN",39.74666,97.3,29.5,"1614",1614,16,"16",28.05334,0.413766076696165,0.586233923303835,3
"431","ACAXOCHITLÁN",4.913922,19.9,11.6,"1318",1318,13,"13",3.386078,0.407961204819277,0.592038795180723,3
"432","HUITZUCO",5.999264,10.1,0,"1202",1202,12,"12",4.100736,0.406013465346535,0.593986534653465,3
"433","CHACAHUA",13.21568,77.1,55,"2019",2019,20,"20",8.88431999999999,0.402005429864253,0.597994570135747,3
"434","MASCOTA",9.731958,74.7,58.7,"1442",1442,14,"14",6.268042,0.391752625,0.608247375,3
"435","LAGUNA DEL REY-SIERRA MOJADA",6.937574,11.4,0,"520",520,5,"5",4.462426,0.391440877192982,0.608559122807018,3
"436","VILLA HIDALGO",12.61362,20.6,0,"2409",2409,24,"24",7.98638,0.387688349514563,0.612311650485437,3
"437","TULA-BUSTAMANTE",33.60441,54,0,"2814",2814,28,"28",20.39559,0.377696111111111,0.622303888888889,3
"438","VILLALBA",8.17306,17.5,4.4,"840",840,8,"8",4.92694,0.376102290076336,0.623897709923664,3
"439","IXCAQUIXTLA",68.52831,110.3,1.3,"2106",2106,21,"21",40.47169,0.371299908256881,0.628700091743119,3
"440","TLAPA-HUAMUXTITLAN",10.05137,22,6.2,"1201",1201,12,"12",5.74863,0.363837341772152,0.636162658227848,3
"441","LAGUNA AGUA GRANDE",28.69764,146.7,101.6,"2512",2512,25,"25",16.40236,0.363688691796009,0.636311308203991,3
"442","SAN NICOLÁS TOLENTINO",9.163243,32.9,18.6,"2416",2416,24,"24",5.136757,0.359213776223776,0.640786223776224,3
"443","POZA RICA",12.00947,55.7,37,"3001",3001,30,"30",6.69053,0.357782352941177,0.642217647058823,3
"444","COYUQUILLA",5.810396,30.4,21.4,"1220",1220,12,"12",3.189604,0.354400444444444,0.645599555555556,3
"445","NORTE DE JALISCO",4.543857,96.7,89.7,"1434",1434,14,"14",2.456143,0.350877571428571,0.649122428571429,3
"446","ISLA DE COZUMEL",31.40639,208.7,160.4,"2305",2305,23,"23",16.89361,0.349764182194617,0.650235817805383,3
"447","RÍO QUELITE",11.21062,17.9,0.7,"2508",2508,25,"25",5.98938,0.34821976744186,0.65178023255814,3
"448","AGUALEGUAS-RAMONES",23.06229,35.3,0,"1905",1905,19,"19",12.23771,0.346677337110481,0.653322662889518,3
"449","CHINA-GENERAL BRAVO",15.68214,23.9,0,"1913",1913,19,"19",8.21786,0.343843514644351,0.656156485355649,3
"450","SAN FERNANDO-SAN AGUSTÍN",1.708216,3,0.4,"230",230,2,"2",0.891784,0.342993846153846,0.657006153846154,3
"451","FRAYLESCA",72.68028,1224.5,1116.2,"706",706,7,"7",35.61972,0.328898614958449,0.671101385041551,3
"452","TLALTENANGO-TEPECHITLÁN",16.8552,38.6,13.5,"3206",3206,32,"32",8.2448,0.328478087649402,0.671521912350598,3
"453","PALMILLAS-JAUMAVE",7.633497,29.3,18,"2810",2810,28,"28",3.666503,0.324469292035398,0.675530707964602,3
"454","SANTA CLARA",15.07715,22.3,0,"1020",1020,10,"10",7.22285,0.323894618834081,0.676105381165919,3
"455","SOLTEPEC",34.52332,92.8,42,"2902",2902,29,"29",16.27668,0.320407086614173,0.679592913385827,3
"456","SAN MARCOS",5.423125,29.8,21.9,"1231",1231,12,"12",2.476875,0.313528481012658,0.686471518987342,3
"457","BAJO RÍO BRAVO",129.7018,198.5,9.7,"2801",2801,28,"28",59.0982,0.313020127118644,0.686979872881356,3
"458","CONEJOS-MEDANOS",12.99435,18.8,0,"823",823,8,"8",5.80565,0.308811170212766,0.691188829787234,3
"459","COSTERA DE COATZACOALCOS",113.1465,172.2,9.7,"3012",3012,30,"30",49.3535,0.303713846153846,0.696286153846154,3
"460","COSTERA DEL PAPALOAPAN",75.17673,355,247.4,"3020",3020,30,"30",32.42327,0.301331505576208,0.698668494423792,3
"461","20 DE NOVIEMBRE",19.43976,39.3,11.5,"1412",1412,14,"14",8.36024,0.300728057553957,0.699271942446043,3
"462","METZTITLÁN",16.22694,62.5,39.3,"1314",1314,13,"13",6.97306,0.300562931034483,0.699437068965517,3
"463","TECOLUTLA",36.48627,181,129,"3002",3002,30,"30",15.51373,0.298340961538462,0.701659038461538,3
"464","ARROYO SAN BERNARDINO",9.568592,13.5,0,"2630",2630,26,"26",3.931408,0.291215407407407,0.708784592592593,3
"465","ATOYAC",33.51045,81.9,34.9,"1223",1223,12,"12",13.48955,0.28701170212766,0.71298829787234,3
"466","LAS PALMAS",2.4295,4.2,0.8,"811",811,8,"8",0.9705,0.285441176470588,0.714558823529412,3
"467","EL SALVADOR",3.473407,6.5,1.7,"3219",3219,32,"32",1.326593,0.276373541666667,0.723626458333333,3
"468","PAPAGAYO",228.0597,316.9,3,"1230",1230,12,"12",85.8403,0.273463841987894,0.726536158012106,3
"469","ÁLAMO-TUXPAN",59.01379,154.6,73.7,"3014",3014,30,"30",21.88621,0.270534116192831,0.729465883807169,3
"470","ROSARITO",0.21918,2.5,2.2,"330",330,3,"3",0.0808199999999998,0.2694,0.7306,3
"471","MIAHUATLÁN",9.648824,42.2,29,"2005",2005,20,"20",3.551176,0.269028484848485,0.730971515151515,3
"472","CAMACHO",2.801588,3.8,0,"3221",3221,32,"32",0.998412,0.26274,0.73726,3
"473","QUITUPAN",6.494358,12.2,3.4,"1439",1439,14,"14",2.305642,0.262004772727273,0.737995227272727,3
"474","OCAMPO",4.575785,6.4,0.2,"1103",1103,11,"11",1.624215,0.261970161290323,0.738029838709677,3
"475","ACTOPAN-SANTIAGO DE ANAYA",87.26859,208.1,90,"1313",1313,13,"13",30.83141,0.261061896697714,0.738938103302286,3
"476","SAN BARTOLO",2.996625,10.9,6.9,"321",321,3,"3",1.003375,0.25084375,0.74915625,3
"477","ZONA SUR",8.438593,14.8,3.6,"2813",2813,28,"28",2.761407,0.246554196428572,0.753445803571428,3
"478","NOCHIXTLÁN",28.01643,68.5,31.5,"2016",2016,20,"20",8.98357,0.242799189189189,0.757200810810811,3
"479","RÍO BACANORA",6.533636,8.6,0,"2637",2637,26,"26",2.066364,0.24027488372093,0.75972511627907,3
"480","COMITÁN",75.37299,422.4,324.1,"707",707,7,"7",22.92701,0.233235096642929,0.766764903357071,3
"481","RÍO ELOTA",33.86157,45.3,1.2,"2506",2506,25,"25",10.23843,0.232163945578231,0.767836054421769,3
"482","CUATROCIENEGAS",9.845242,143,130.2,"528",528,5,"5",2.95475800000001,0.230840468750001,0.769159531249999,3
"483","RÍO SAHUARIPA",28.05778,45.9,9.5,"2638",2638,26,"26",8.34222,0.229181868131868,0.770818131868132,3
"484","RÍO TECORIPA",13.54216,21.3,3.8,"2639",2639,26,"26",3.95784,0.226162285714286,0.773837714285714,3
"485","VILLA DE ARRIAGA",3.728914,4.8,0,"2406",2406,24,"24",1.071086,0.223142916666667,0.776857083333333,3
"486","CONCHERO",7.097464,28,18.9,"1225",1225,12,"12",2.002536,0.220058901098901,0.779941098901099,3
"487","ARRIAGA-PIJIJIAPAN",80.1521,495.9,393.2,"711",711,7,"7",22.5479,0.21955111976631,0.780448880233691,3
"488","SAN JUAN DEL RÍO",15.01506,19.1,0,"1016",1016,10,"10",4.08494,0.213871204188482,0.786128795811518,3
"489","MARTINEZ DE LA TORRE-NAUTLA",53.50941,73.1,5.3,"3003",3003,30,"30",14.29059,0.210775663716814,0.789224336283186,3
"490","ALTAMIRANO-CUTZAMALA",35.68144,85.8,40.8,"1208",1208,12,"12",9.31856,0.207079111111111,0.792920888888889,3
"491","PALESTINA",8.196042,10.3,0,"513",513,5,"5",2.103958,0.204267766990291,0.795732233009709,3
"492","HUASTECA POTOSINA",101.1242,668.2,541.5,"2418",2418,24,"24",25.5758,0.201861089187056,0.798138910812944,3
"493","TAMPICO-MISANTLA",103.6658,268,138.2,"3017",3017,30,"30",26.1342,0.201342064714946,0.798657935285054,3
"494","MEZQUITIC",4.55398,43.1,37.4,"1455",1455,14,"14",1.14602,0.201056140350878,0.798943859649122,3
"495","MORRO-MAZATÁN",4.557766,5.7,0,"2021",2021,20,"20",1.142234,0.200391929824561,0.799608070175439,3
"496","VALLE DEL MEZQUITAL",0.879812,1.1,0,"1017",1017,10,"10",0.220188,0.200170909090909,0.799829090909091,3
"497","TACAMBARO-TURICATO",31.7589,224,184.3,"1611",1611,16,"16",7.94109999999999,0.200027707808564,0.799972292191436,3
"498","MADERA",5.340625,6.6,0,"859",859,8,"8",1.259375,0.190814393939394,0.809185606060606,4
"499","MARAVILLA",3.803788,25.9,21.2,"1443",1443,14,"14",0.896211999999999,0.190683404255319,0.809316595744681,4
"500","HUASCA-ZOQUITAL",12.38222,52.1,36.9,"1315",1315,13,"13",2.81778,0.185380263157895,0.814619736842105,4
"501","UNIÓN DE GUADALUPE",5.381189,6.6,0,"1452",1452,14,"14",1.218811,0.184668333333333,0.815331666666667,4
"502","VILLA GUERRERO",6.626242,34,25.9,"1454",1454,14,"14",1.473758,0.181945432098766,0.818054567901234,4
"503","CHAPANTONGO-ALFAJAYUCAN",19.70225,136.9,112.9,"1309",1309,13,"13",4.29775,0.179072916666667,0.820927083333333,4
"504","MARISCALA",3.858668,4.7,0,"2023",2023,20,"20",0.841332,0.179006808510638,0.820993191489362,4
"505","NUEVA ITALIA",81.29253,99.2,0.3,"1616",1616,16,"16",17.60747,0.178033063700708,0.821966936299292,4
"506","SAN BERNARDO",27.30165,39.7,6.5,"2658",2658,26,"26",5.89835,0.177661144578313,0.822338855421687,4
"507","SAN CARLOS",14.51769,22.7,5.1,"2804",2804,28,"28",3.08231,0.17513125,0.82486875,4
"508","LA BACHATA-SANTA ROSALITA",0.412731,0.5,0,"234",234,2,"2",0.087269,0.174538,0.825462,4
"509","ACAPETAHUA",306.5336,860.7,490.2,"709",709,7,"7",63.9664000000001,0.172648852901485,0.827351147098515,4
"510","PLAYA AZUL",12.12948,34.1,19.6,"1618",1618,16,"16",2.37052,0.163484137931035,0.836515862068965,4
"511","CUCHUJAQUI",25.47112,49.7,19.5,"2643",2643,26,"26",4.72888,0.156585430463576,0.843414569536424,4
"512","MARQUÉS DE COMILLAS",10.11994,186.6,174.7,"713",713,7,"7",1.78006000000001,0.14958487394958,0.85041512605042,4
"513","JIMÉNEZ-ABASOLO",17.95469,29.7,8.6,"2805",2805,28,"28",3.14531,0.14906682464455,0.85093317535545,4
"514","ARCELIA",10.82218,31.9,19.2,"1209",1209,12,"12",1.87782,0.147859842519685,0.852140157480315,4
"515","ALDAMA-EL CUERVO",16.70312,19.9,0.3,"816",816,8,"8",2.89688,0.1478,0.8522,4
"516","MARQUELIA",9.644902,22.9,11.6,"1234",1234,12,"12",1.655098,0.146468849557522,0.853531150442478,4
"517","COLOTEPEC-TONAMECA",21.00562,61,36.4,"2024",2024,20,"20",3.59438,0.146113008130081,0.853886991869919,4
"518","PUNTA EUGENIA",1.287363,3.3,1.8,"301",301,3,"3",0.212637,0.141758,0.858242,4
"519","NEXPA",11.28114,43.5,30.4,"1232",1232,12,"12",1.81886,0.13884427480916,0.86115572519084,4
"520","CUICATLÁN",15.07648,41.4,23.9,"2012",2012,20,"20",2.42352,0.138486857142857,0.861513142857143,4
"521","VALLE DE ZARAGOZA",24.99613,104.7,75.8,"844",844,8,"8",3.90387,0.135082006920415,0.864917993079585,4
"522","TEPECHICOTLÁN",18.23561,36.4,15.4,"1229",1229,12,"12",2.76439,0.131637619047619,0.868362380952381,4
"523","BAJOS DE CHILA",11.55737,37.9,24.6,"2022",2022,20,"20",1.74263,0.131024812030075,0.868975187969925,4
"524","CUAUHTÉMOC",12.95617,14.9,0,"1019",1019,10,"10",1.94383,0.130458389261745,0.869541610738255,4
"525","TUXTLA",209.242,240.6,0,"703",703,7,"7",31.358,0.130332502078138,0.869667497921862,4
"526","SOTEAPAN-HUEYAPAN",53.4612,145.6,84.2,"3011",3011,30,"30",7.93879999999999,0.129296416938111,0.870703583061889,4
"527","REFORMA",190.9901,2968.9,2750.2,"702",702,7,"7",27.7099000000003,0.126702789208963,0.873297210791037,4
"528","PRESA LA AMISTAD",10.33894,22.6,10.8,"522",522,5,"5",1.46106,0.123818644067797,0.876181355932203,4
"529","BAJO RÍO CONCHOS",101.2068,116.2,0.8,"837",837,8,"8",14.1932,0.122991334488735,0.877008665511265,4
"530","BARRERAS",6.853894,41.7,33.9,"1441",1441,14,"14",0.946106000000004,0.121295641025641,0.878704358974359,4
"531","XOCHITLAN-HUEJUTLA",7.155651,39.1,31,"1304",1304,13,"13",0.944349000000002,0.116586296296296,0.883413703703704,4
"532","TEPEHUANES-SANTIAGO",33.89037,38.3,0,"1006",1006,10,"10",4.40963,0.115133942558747,0.884866057441253,4
"533","GARCÍA DE LA CADENA",15.32422,42,24.7,"3207",3207,32,"32",1.97578,0.114206936416185,0.885793063583815,4
"534","LAGUNA DE TARABILLAS",32.38512,36.4,0,"814",814,8,"8",4.01488,0.110298901098901,0.889701098901099,4
"535","SAMARIA-CUNDUACAN",373.9036,546.6,127,"2703",2703,27,"27",45.6964,0.108904671115348,0.891095328884652,4
"536","EL NARANJITO",11.95364,35.9,22.5,"1212",1212,12,"12",1.44636,0.107937313432836,0.892062686567164,4
"537","SALDAÑA",0.981274,1.1,0,"3234",3234,32,"32",0.118726,0.107932727272727,0.892067272727273,4
"538","ONAVAS",3.212379,6.1,2.5,"2647",2647,26,"26",0.387621,0.1076725,0.8923275,4
"539","HUASABAS",6.535103,7.3,0,"2653",2653,26,"26",0.764896999999999,0.104780410958904,0.895219589041096,4
"540","CUAJINICUILAPA",135.4257,180,30,"1235",1235,12,"12",14.5743,0.097162,0.902838,4
"541","CERRO COLORADO-LA PARTIDA",5.871554,6.5,0,"503",503,5,"5",0.628446,0.096684,0.903316,4
"542","LAGUNA DE SANTA MARÍA",38.19773,45.2,3.2,"818",818,8,"8",3.80227,0.0905302380952381,0.909469761904762,4
"543","IXMIQUILPAN",23.28202,150.1,124.6,"1312",1312,13,"13",2.21798,0.0869796078431373,0.913020392156863,4
"544","CUMPAS",18.83168,24.3,3.7,"2661",2661,26,"26",1.76832,0.0858407766990293,0.914159223300971,4
"545","MATALOTES-EL ORO",32.70922,35.7,0,"1009",1009,10,"10",2.99078,0.083775350140056,0.916224649859944,4
"546","HERCULES",4.94902,5.5,0.1,"516",516,5,"5",0.45098,0.0835148148148149,0.916485185185185,4
"547","SAN FERMÍN",6.874082,7.5,0,"1015",1015,10,"10",0.625918,0.0834557333333334,0.916544266666667,4
"548","TAMUIN",73.67255,370.1,290.2,"2419",2419,24,"24",6.22745000000003,0.0779405506883608,0.922059449311639,4
"549","DOCTOR ARROYO",12.38662,13.4,0,"1923",1923,19,"19",1.01338,0.0756253731343283,0.924374626865672,4
"550","ROSARIO-TESOPACO-EL QUIRIEGO",18.50276,27.7,7.7,"2646",2646,26,"26",1.49724,0.0748620000000001,0.925138,4
"551","JUXTLAHUACA",3.887246,7.5,3.3,"2017",2017,20,"20",0.312754,0.0744652380952381,0.925534761904762,4
"552","LLANOS DEL BERRENDO",9.910558,21.1,10.4,"228",228,2,"2",0.789442000000001,0.0737796261682244,0.926220373831776,4
"553","NUEVO ROSARITO",4.546059,5.2,0.3,"235",235,2,"2",0.353941000000001,0.0722328571428573,0.927767142857143,4
"554","PINO SUÁREZ",13.10181,23.5,9.4,"3233",3233,32,"32",0.998189999999999,0.0707936170212765,0.929206382978723,4
"555","LAMPAZOS-ANÁHUAC",45.23672,66.6,18,"1903",1903,19,"19",3.36328,0.0692032921810699,0.93079670781893,4
"556","POLONCINGO",21.79149,37.5,14.1,"1203",1203,12,"12",1.60851,0.0687397435897436,0.931260256410256,4
"557","AJACUBA",9.406775,25.7,15.6,"1311",1311,13,"13",0.693225,0.0686361386138614,0.931363861386139,4
"558","CHILPANCINGO",21.39392,27.8,4.9,"1228",1228,12,"12",1.50608,0.0657676855895195,0.93423231441048,4
"559","SERRANIA DEL BURRO",10.88673,11.9,0.3,"526",526,5,"5",0.71327,0.0614887931034482,0.938511206896552,4
"560","COPALA",8.929656,19.6,10.1,"1233",1233,12,"12",0.570344000000002,0.060036210526316,0.939963789473684,4
"561","LAGUNA TRES CASTILLOS",17.70218,18.8,0,"813",813,8,"8",1.09782,0.0583946808510639,0.941605319148936,4
"562","LA VICTORIA",17.51618,18.6,0,"1012",1012,10,"10",1.08382,0.0582698924731184,0.941730107526882,4
"563","EL CARRIZO",22.6206,160,136,"2514",2514,25,"25",1.3794,0.057475,0.942525,4
"564","CINTALAPA",302.0836,320.4,0,"705",705,7,"7",18.3164,0.057167290886392,0.942832709113608,4
"565","ALDAMA-SOTO LA MARINA",91.24888,209.4,112.7,"2809",2809,28,"28",5.45112,0.0563714581178904,0.94362854188211,4
"566","CABRERA-OCAMPO",28.23622,29.9,0,"1008",1008,10,"10",1.66378,0.0556448160535117,0.944355183946488,4
"567","TEMASCALTEPEC",5.859684,100.8,94.6,"1509",1509,15,"15",0.340316000000003,0.0548896774193553,0.945110322580645,4
"568","LA SIERRA",607.9484,771.9,132.8,"2705",2705,27,"27",31.1515999999999,0.0487429197308714,0.951257080269129,4
"569","TECOCOMULCO",25.97836,27.8,0.5,"1319",1319,13,"13",1.32164,0.0484117216117217,0.951588278388278,4
"570","TORREON DE CAÑAS",14.4698,15.2,0,"1014",1014,10,"10",0.7302,0.0480394736842105,0.951960526315789,4
"571","VALLE DE ESCUINAPA",12.10751,42.7,30,"2511",2511,25,"25",0.592490000000003,0.0466527559055121,0.953347244094488,4
"572","CORRALES",22.05964,28.1,5,"3203",3203,32,"32",1.04036,0.0450372294372294,0.954962770562771,4
"573","LA TRINITARIA",150.503,157.4,0,"708",708,7,"7",6.89700000000002,0.0438182973316393,0.956181702668361,4
"574","PASO DE ARENA",25.2074,38.8,12.5,"1210",1210,12,"12",1.0926,0.0415437262357413,0.958456273764259,4
"575","CABRERA",6.049905,6.3,0,"1027",1027,10,"10",0.250095,0.039697619047619,0.960302380952381,4
"576","BATEVITO",12.88599,13.4,0,"2651",2651,26,"26",0.514010000000001,0.0383589552238807,0.961641044776119,4
"577","CUMURIPA",11.45769,15.6,3.7,"2656",2656,26,"26",0.442309999999999,0.0371689075630251,0.962831092436975,4
"578","VALLE DEL PESO",15.2524,24.1,8.3,"861",861,8,"8",0.547600000000001,0.0346582278481013,0.965341772151899,4
"579","TAMPAÓN-ZONA DE SIERRA",34.21898,49,13.6,"2211",2211,22,"22",1.18102,0.0333621468926553,0.966637853107345,4
"580","LA CHONTALPA",1580.864,1973.6,339,"2702",2702,27,"27",53.7359999999999,0.0328740976385659,0.967125902361434,4
"581","PROVIDENCIA",15.77381,16.3,0,"1007",1007,10,"10",0.526190000000001,0.0322815950920246,0.967718404907975,4
"582","CENTLA",829.2363,954.6,98.4,"2704",2704,27,"27",26.9637,0.0314922915206728,0.968507708479327,4
"583","CHURUMUCO",6.496764,42.3,35.6,"1613",1613,16,"16",0.203235999999996,0.030333731343283,0.969666268656717,4
"584","LORETO",2.524917,3.9,1.3,"328",328,3,"3",0.0750829999999998,0.0288780769230768,0.971121923076923,4
"585","BAHÍA DE SAN LUIS GONZAGA",3.406474,5.5,2,"225",225,2,"2",0.0935260000000002,0.0267217142857143,0.973278285714286,4
"586","COAHUAYUTLA",16.76368,20.1,2.9,"1211",1211,12,"12",0.436320000000002,0.0253674418604652,0.974632558139535,4
"587","OCOZOCOAUTLA",175.7026,180,0,"704",704,7,"7",4.29740000000001,0.0238744444444445,0.976125555555555,4
"588","LAGUNA DE JACO",15.62142,16,0,"852",852,8,"8",0.378579999999999,0.02366125,0.97633875,4
"589","VILLA HIDALGO",9.472707,9.8,0.1,"2652",2652,26,"26",0.227293000000001,0.0234322680412372,0.976567731958763,4
"590","PALENQUE",188.7181,193,0,"701",701,7,"7",4.28190000000001,0.0221860103626943,0.977813989637306,4
"591","BUENOS AIRES",14.57021,14.9,0,"1013",1013,10,"10",0.329790000000001,0.0221335570469799,0.97786644295302,4
"592","CERROS Y VALLES",332.2837,1194.2,854.9,"2301",2301,23,"23",7.01630000000006,0.0206787503684057,0.979321249631594,4
"593","SAN CRISTOBAL LAS CASAS",34.86643,35.6,0,"712",712,7,"7",0.73357,0.0206058988764045,0.979394101123595,4
"594","ATOTONILCO-JALTOCAN",4.113918,12.8,8.6,"1303",1303,13,"13",0.0860820000000011,0.0204957142857145,0.979504285714285,4
"595","BAHÍA CONCEPCIÓN",0.783976,5.7,4.9,"331",331,3,"3",0.0160239999999998,0.0200299999999998,0.97997,4
"596","HUIMANGUILLO",553.3503,663,98.5,"2701",2701,27,"27",11.1497000000001,0.0197514614703278,0.980248538529672,4
"597","IGNACIO ZARAGOZA",72.47933,73.9,0,"820",820,8,"8",1.42067,0.0192242219215156,0.980775778078484,4
"598","SOYOPA",5.688894,5.9,0.1,"2648",2648,26,"26",0.111106,0.0191562068965518,0.980843793103448,4
"599","LA ZARCA-REVOLUCIÓN",32.11962,32.7,0,"1028",1028,10,"10",0.580380000000005,0.0177486238532112,0.982251376146789,4
"600","AGUA CALIENTE",9.62673,9.8,0,"2657",2657,26,"26",0.17327,0.017680612244898,0.982319387755102,4
"601","MANUEL BENAVIDES",22.91025,23.5,0.2,"839",839,8,"8",0.389749999999999,0.0167274678111588,0.983272532188841,4
"602","MATOMI-PUERTECITOS",1.477011,4.8,3.3,"238",238,2,"2",0.0229889999999999,0.015326,0.984674,4
"603","JALAPA-COATEPEC",80.07107,90,8.7,"3018",3018,30,"30",1.22892999999999,0.0151159901599015,0.984884009840098,4
"604","YECORA",10.542,10.7,0,"2649",2649,26,"26",0.157999999999999,0.0147663551401869,0.985233644859813,4
"605","COATZACOALCOS",192.4378,258.3,63,"2013",2013,20,"20",2.8622,0.0146554019457245,0.985344598054275,4
"606","ALAMO CHAPO",66.00822,68.8,2,"842",842,8,"8",0.791780000000003,0.0118529940119761,0.988147005988024,4
"607","LOS LAMENTOS",9.595856,9.7,0,"826",826,8,"8",0.104144,0.0107364948453608,0.989263505154639,4
"608","LAGUNA DE CHAPALA",0.593862,1.2,0.6,"233",233,2,"2",0.00613799999999998,0.01023,0.98977,4
"609","BOCA DEL CERRO",391.0508,785,390,"2708",2708,27,"27",3.94920000000002,0.00999797468354435,0.990002025316456,4
"610","LAGUNA EL GUAJE",15.54577,15.8,0.1,"517",517,5,"5",0.154230000000002,0.00982356687898101,0.990176433121019,4
"611","SAN RAFAEL-LA PALMA",0.594269,1,0.4,"243",243,2,"2",0.00573099999999993,0.00955166666666655,0.990448333333333,4
"612","LAGUNA LOS ALAZANES",27.24707,27.5,0,"855",855,8,"8",0.252929999999999,0.00919745454545452,0.990802545454545,4
"613","SANTA CATARINA",0.693692,0.7,0,"231",231,2,"2",0.00630799999999998,0.00901142857142854,0.990988571428571,4
"614","SANTA FE DEL PINO",18.34219,19.5,1,"515",515,5,"5",0.157810000000001,0.00853027027027034,0.99146972972973,4
"615","XPUJIL",312.7145,2099.4,1784.1,"405",405,4,"4",2.5855000000002,0.0082001268633054,0.991799873136695,4
"616","REVOLUCIÓN",6.548499,6.6,0,"1029",1029,10,"10",0.051501,0.00780318181818182,0.992196818181818,4
"617","POTRERO DEL LLANO",15.08799,23.7,8.5,"841",841,8,"8",0.11201,0.0073690789473684,0.992630921052632,4
"618","SANTA RITA-CRUZ DE ELORZA",27.4056,27.6,0,"1922",1922,19,"19",0.194400000000002,0.00704347826086963,0.99295652173913,4
"619","BACADEHUACHI",9.93027,10.7,0.7,"2654",2654,26,"26",0.0697299999999998,0.00697299999999998,0.993027,4
"620","LOS RÍOS",1773.692,1895,109.2,"2707",2707,27,"27",12.1079999999999,0.00678015455258145,0.993219845447419,4
"621","ATLAPEXCO-CANDELARIA",8.949368,192.7,183.7,"1305",1305,13,"13",0.0506320000000002,0.0056257777777778,0.994374222222222,4
"622","TEPENTU",1.094,3.8,2.7,"327",327,3,"3",0.00599999999999956,0.00545454545454506,0.994545454545455,4
"623","BUENAVISTA DE CUELLAR",26.57942,40.5,13.8,"1204",1204,12,"12",0.12058,0.00451610486891387,0.995483895131086,4
"624","GALEANA-QUEMADO",23.29951,23.4,0,"1011",1011,10,"10",0.100489999999997,0.00429444444444432,0.995705555555556,4
"625","CHICOMUSELO",698.2734,701,0,"714",714,7,"7",2.72659999999996,0.00388958630527812,0.996110413694722,4
"626","EL HUERFANITO",0.498175,0.5,0,"239",239,2,"2",0.00182500000000002,0.00365000000000004,0.99635,4
"627","RANCHO LA GLORIA",15.94275,16,0,"853",853,8,"8",0.0572499999999998,0.00357812499999999,0.996421875,4
"628","TLACOTEPEC",53.06325,84.7,31.5,"1207",1207,12,"12",0.136750000000006,0.00257048872180463,0.997429511278195,4
"629","RANCHO EL ASTILLERO",20.54859,20.6,0,"851",851,8,"8",0.0514100000000006,0.0024956310679612,0.997504368932039,4
"630","EL PROGRESO-EL BARRIL",1.895748,2.4,0.5,"244",244,2,"2",0.00425199999999992,0.00223789473684206,0.997762105263158,4
"631","MACUSPANA",1556.475,1667,107.3,"2706",2706,27,"27",3.22500000000014,0.00206770532794777,0.997932294672052,4
"632","NACORI CHICO",11.47766,11.5,0,"2655",2655,26,"26",0.0223399999999998,0.00194260869565216,0.998057391304348,4
"633","MOCTEZUMA",43.4271,50,6.5,"2210",2210,22,"22",0.0728999999999971,0.00167586206896545,0.998324137931035,4
"634","LAGUNA EL COYOTE",13.27924,13.3,0,"518",518,5,"5",0.020760000000001,0.00156090225563917,0.998439097744361,4
"635","LLANO DE GIGANTES",18.77145,18.8,0,"849",849,8,"8",0.0285499999999992,0.00151861702127655,0.998481382978723,4
"636","RÍO CHICO",11.68448,11.7,0,"2645",2645,26,"26",0.0155199999999986,0.00132649572649561,0.998673504273504,4
"637","LA NORTEÑA",11.28512,11.3,0,"858",858,8,"8",0.0148800000000016,0.00131681415929217,0.998683185840708,4
"638","JAMAU",6.3958,6.9,0.5,"229",229,2,"2",0.00419999999999998,0.000656249999999997,0.99934375,4
"639","LAS PAMPAS",12.693,12.7,0,"850",850,8,"8",0.00699999999999967,0.000551181102362179,0.999448818897638,4
"640","SAN JOSÉ DE NAZARENO",34.29818,34.3,0,"1010",1010,10,"10",0.00181999999999505,5.30612244896515e-05,0.99994693877551,4
"641","OCOSINGO",389.5859,4535.9,4146.3,"715",715,7,"7",0.0140999999994733,3.61909650910506e-05,0.999963809034909,4
"642","ORIZATLAN",6.4,185.4,179,"1302",1302,13,"13",5.32907051820075e-15,8.32667268468867e-16,0.999999999999999,4
"643","PARALELO 28",1.4,5.4,4,"339",339,3,"3",4.44089209850063e-16,3.1720657846433e-16,1,4
"644","AGUA AMARGA",0.9,0.9,0,"241",241,2,"2",0,0,1,4
"645","CALABOZO",9.5,81.1,71.6,"1306",1306,13,"13",0,0,1,4
"646","CALAMAJUE",0.1,0.1,0,"240",240,2,"2",0,0,1,4
"647","CAMPO JARITAS",2.9,2.9,0,"1918",1918,19,"19",0,0,1,4
"648","EL ASTILLERO",3.3,3.3,0,"1308",1308,13,"13",0,0,1,4
"649","EL PEÑUELO-SAN JOSÉ EL PALMAR",9,9,0,"1921",1921,19,"19",0,0,1,4
"650","ISLA MADRE (ISLAS MARÍAS)",1.2,1.2,0,"1811",1811,18,"18",0,0,1,4
"651","LA BOCANA-LLANOS DE SAN PEDRO",4.1,4.8,0.7,"242",242,2,"2",0,0,1,4
"652","RANCHO DENTÓN",19.3,19.3,0,"854",854,8,"8",0,0,1,4
"653","VALLE DE SAN MARCOS",10.7,10.7,0,"527",527,5,"5",0,0,1,4
